Nominative singular,English,Nominative plural,Partitive singular,Partitive plural,Genitive singular,Genitive plural,Illative singular,Illative plural,Inessive singular,Inessive plural,Elative singular,Elative plural,Adessive singular,Adessive plural,Ablative singular,Ablative plural,Allative singular,Allative plural,Essive singular,Essive plural,Translative singular,Translative plural,Abessive singular,Abessive plural,Last reviewed,Next review,Interval,Correct?,Times correct,Times incorrect
aarniometsä,jungle,aarniometsät,aarniometsää,aarniometsiä,aarniometsän,aarniometsien,aarniometsään,aarniometsiin,aarniometsässä,aarniometsissä,aarniometsästä,aarniometsistä,aarniometsällä,aarniometsillä,aarniometsältä,aarniometsiltä,aarniometsälle,aarniometsille,aarniometsänä,aarniometsinä,aarniometsäksi,aarniometsiksi,aarniometsättä,aarniometsittä,2019-02-23 11:14:59.261392,2019-02-26 09:48:35.264100,2 days 22:33:35.999999,True,3,0
aistikas,elegant,aistikkaat,aistikasta,aistikkaita,aistikkaan,aistikkaiden,aistikkaaseen,aistikkaisiin,aistikkaassa,aistikkaissa,aistikkaasta,aistikkaista,aistikkaalla,aistikkailla,aistikkaalta,aistikkailta,aistikkaalle,aistikkaille,aistikkaana,aistikkaina,aistikkaaksi,aistikkaiksi,aistikkaatta,aistikkaitta,2019-02-25 13:18:05.848800,2019-02-26 22:54:05.852187,1 days 09:36:00,True,4,3
amerikkalainen,American,amerikkalaiset,amerikkalaista,amerikkalaisia,amerikkalaisen,amerikkalaisten,amerikkalaiseen,amerikkalaisiin,amerikkalaisessa,amerikkalaisissa,amerikkalaisesta,amerikkalaisista,amerikkalaisella,amerikkalaisilla,amerikkalaiselta,amerikkalaisilta,amerikkalaiselle,amerikkalaisille,amerikkalaisena,amerikkalaisina,amerikkalaiseksi,amerikkalaisiksi,amerikkalaisetta,amerikkalaisitta,2019-02-25 13:16:01.248252,2019-02-27 12:18:25.256098,1 days 23:02:24,True,2,0
apu,help,avut,apua,apuja,avun,apujen,apuun,apuihin,avussa,avuissa,avusta,avuista,avulla,avuilla,avulta,avuilta,avulle,avuille,apuna,apuina,avuksi,avuiksi,avutta,avuitta,2019-02-24 15:57:46.766043,2019-02-26 01:33:46.769152,1 days 09:36:00,True,1,0
auto,car,autot,autoa,autoja,auton,autojen,autoon,autoihin,autossa,autoissa,autosta,autoista,autolla,autoilla,autolta,autoilta,autolle,autoille,autona,autoina,autoksi,autoiksi,autotta,autoitta,2019-02-23 11:00:12.551662,2019-02-26 09:33:48.554553,2 days 22:33:35.999999,True,3,0
banaani,banana,banaanit,banaania,banaaneita,banaanin,banaanien,banaaniin,banaaneihin,banaanissa,banaaneissa,banaanista,banaaneista,banaanilla,banaaneilla,banaanilta,banaaneilta,banaanille,banaaneille,banaanina,banaaneina,banaaniksi,banaaneiksi,banaanitta,banaaneitta,2019-02-24 15:58:54.721198,2019-02-26 01:34:54.723498,1 days 09:36:00,True,1,0
elokuva,movie,elokuvat,elokuvaa,elokuvia,elokuvan,elokuvien,elokuvaan,elokuviin,elokuvassa,elokuvissa,elokuvasta,elokuvista,elokuvalla,elokuvilla,elokuvalta,elokuvilta,elokuvalle,elokuville,elokuvana,elokuvina,elokuvaksi,elokuviksi,elokuvatta,elokuvitta,2019-02-24 15:59:09.513626,2019-02-26 01:35:09.516061,1 days 09:36:00,True,1,0
elämä,life,elämät,elämää,elämiä,elämän,elämien,elämään,elämiin,elämässä,elämissä,elämästä,elämistä,elämällä,elämillä,elämältä,elämiltä,elämälle,elämille,elämänä,eläminä,elämäksi,elämiksi,elämättä,elämittä,2019-02-24 08:52:42.924358,2019-02-25 18:28:42.926970,1 days 09:36:00,True,1,0
englanti,English,englannit,englantia,englanteja,englannin,englantien,englantiin,englanteihin,englannissa,englanneissa,englannista,englanneista,englannilla,englanneilla,englannilta,englanneilta,englannille,englanneille,englantina,englanteina,englanniksi,englanneiksi,englannitta,englanneitta,2019-02-25 13:22:48.407279,2019-02-27 12:25:12.409336,1 days 23:02:24,True,2,0
erä,batch,erät,erää,eriä,erän,erien,erään,eriin,erässä,erissä,erästä,eristä,erällä,erillä,erältä,eriltä,erälle,erille,eränä,erinä,eräksi,eriksi,erättä,erittä,2019-02-23 11:18:04.100082,2019-02-26 09:51:40.103101,2 days 22:33:35.999999,True,3,0
eräs,"certain, some, someone, one",eräät,erästä,eräitä,erään,eräiden,erääseen,eräisiin,eräässä,eräissä,eräästä,eräistä,eräällä,eräillä,eräältä,eräiltä,eräälle,eräille,eräänä,eräinä,erääksi,eräiksi,eräättä,eräittä,2019-02-25 16:16:34.298763,2019-02-26 16:16:34.300693,1 days 00:00:00,True,3,1
halpa,cheap,halvat,halpaa,halpoja,halvan,halpojen,halpaan,halpoihin,halvassa,halvoissa,halvasta,halvoista,halvalla,halvoilla,halvalta,halvoilta,halvalle,halvoille,halpana,halpoina,halvaksi,halvoiksi,halvatta,halvoitta,2019-02-25 13:19:51.779396,2019-02-28 07:11:13.382574,2 days 17:51:21.600000,True,3,0
hame,skirt (woman's garment),hameet,hametta,hameita,hameen,hameiden,hameeseen,hameisiin,hameessa,hameissa,hameesta,hameista,hameella,hameilla,hameelta,hameilta,hameelle,hameille,hameena,hameina,hameeksi,hameiksi,hameetta,hameitta,2019-02-25 13:23:22.086223,2019-02-28 07:14:43.688444,2 days 17:51:21.600000,True,3,0
hampurilainen,hamburger,hampurilaiset,hampurilaista,hampurilaisia,hampurilaisen,hampurilaisten,hampurilaiseen,hampurilaisiin,hampurilaisessa,hampurilaisissa,hampurilaisesta,hampurilaisista,hampurilaisella,hampurilaisilla,hampurilaiselta,hampurilaisilta,hampurilaiselle,hampurilaisille,hampurilaisena,hampurilaisina,hampurilaiseksi,hampurilaisiksi,hampurilaisetta,hampurilaisitta,2019-02-25 13:20:11.419089,2019-02-27 12:22:35.421631,1 days 23:02:24,True,2,0
harmaa,grey,harmaat,harmaata,harmaita,harmaan,harmaiden,harmaaseen,harmaisiin,harmaassa,harmaissa,harmaasta,harmaista,harmaalla,harmailla,harmaalta,harmailta,harmaalle,harmaille,harmaana,harmaina,harmaaksi,harmaiksi,harmaatta,harmaitta,2019-02-25 13:22:31.613203,2019-02-28 07:13:53.215386,2 days 17:51:21.600000,True,3,0
hattu,hat,hatut,hattua,hattuja,hatun,hattujen,hattuun,hattuihin,hatussa,hatuissa,hatusta,hatuista,hatulla,hatuilla,hatulta,hatuilta,hatulle,hatuille,hattuna,hattuina,hatuksi,hatuiksi,hatutta,hatuitta,2019-02-25 13:20:42.128537,2019-02-28 07:12:03.730982,2 days 17:51:21.600000,True,3,0
helppo,easy,helpot,helppoa,helppoja,helpon,helppojen,helppoon,helppoihin,helpossa,helpoissa,helposta,helpoista,helpolla,helpoilla,helpolta,helpoilta,helpolle,helpoille,helppona,helppoina,helpoksi,helpoiksi,helpotta,helpoitta,2019-02-24 08:52:22.485252,2019-02-26 07:54:46.488136,1 days 23:02:24,True,2,0
hieno,"fine, subtle, elegant",hienot,hienoa,hienoja,hienon,hienojen,hienoon,hienoihin,hienossa,hienoissa,hienosta,hienoista,hienolla,hienoilla,hienolta,hienoilta,hienolle,hienoille,hienona,hienoina,hienoksi,hienoiksi,hienotta,hienoitta,2019-02-23 11:15:13.682298,2019-02-26 09:48:49.684601,2 days 22:33:35.999999,True,3,0
hotelli,hotel,hotellit,hotellia,hotelleita,hotellin,hotellien,hotelliin,hotelleihin,hotellissa,hotelleissa,hotellista,hotelleista,hotellilla,hotelleilla,hotellilta,hotelleilta,hotellille,hotelleille,hotellina,hotelleina,hotelliksi,hotelleiksi,hotellitta,hotelleitta,2019-02-25 13:19:53.387553,2019-02-27 12:22:17.390468,1 days 23:02:24,True,2,0
huivi,scarf,huivit,huivia,huiveja,huivin,huivien,huiviin,huiveihin,huivissa,huiveissa,huivista,huiveista,huivilla,huiveilla,huivilta,huiveilta,huiville,huiveille,huivina,huiveina,huiviksi,huiveiksi,huivitta,huiveitta,2019-02-24 08:46:46.206086,2019-02-25 18:22:46.208775,1 days 09:36:00,True,1,0
huoli,"worry, anxiety, concern",huolet,huolta,huolia,huolen,huolten,huoleen,huoliin,huolessa,huolissa,huolesta,huolista,huolella,huolilla,huolelta,huolilta,huolelle,huolille,huolena,huolina,huoleksi,huoliksi,huoletta,huolitta,2019-02-24 09:49:38.764589,2019-02-25 19:25:38.773481,1 days 09:36:00,True,1,0
huoneisto,apartment,huoneistot,huoneistoa,huoneistoja,huoneiston,huoneistojen,huoneistoon,huoneistoihin,huoneistossa,huoneistoissa,huoneistosta,huoneistoista,huoneistolla,huoneistoilla,huoneistolta,huoneistoilta,huoneistolle,huoneistoille,huoneistona,huoneistoina,huoneistoksi,huoneistoiksi,huoneistotta,huoneistoitta,2019-02-23 11:08:09.658128,2019-02-26 09:41:45.661585,2 days 22:33:35.999999,True,3,0
huume,drug (recreational),huumeet,huumetta,huumeita,huumeen,huumeiden,huumeeseen,huumeisiin,huumeessa,huumeissa,huumeesta,huumeista,huumeella,huumeilla,huumeelta,huumeilta,huumeelle,huumeille,huumeena,huumeina,huumeeksi,huumeiksi,huumeetta,huumeitta,2019-02-24 08:47:26.014501,2019-02-25 18:23:26.017419,1 days 09:36:00,True,1,0
hyvä,good,hyvät,hyvää,hyviä,hyvän,hyvien,hyvään,hyviin,hyvässä,hyvissä,hyvästä,hyvistä,hyvällä,hyvillä,hyvältä,hyviltä,hyvälle,hyville,hyvänä,hyvinä,hyväksi,hyviksi,hyvättä,hyvittä,2019-02-24 15:59:50.313813,2019-02-26 01:35:50.316075,1 days 09:36:00,True,1,0
ihminen,person,ihmiset,ihmistä,ihmisiä,ihmisen,ihmisten,ihmiseen,ihmisiin,ihmisessä,ihmisissä,ihmisestä,ihmisistä,ihmisellä,ihmisillä,ihmiseltä,ihmisiltä,ihmiselle,ihmisille,ihmisenä,ihmisinä,ihmiseksi,ihmisiksi,ihmisettä,ihmisittä,2019-02-25 13:23:20.174328,2019-02-27 12:25:44.176746,1 days 23:02:24,True,2,0
iloinen,happy,iloiset,iloista,iloisia,iloisen,iloisten,iloiseen,iloisiin,iloisessa,iloisissa,iloisesta,iloisista,iloisella,iloisilla,iloiselta,iloisilta,iloiselle,iloisille,iloisena,iloisina,iloiseksi,iloisiksi,iloisetta,iloisitta,2019-02-24 15:54:14.195144,2019-02-26 01:30:14.202901,1 days 09:36:00,True,1,0
ilta,evening,illat,iltaa,iltoja,illan,iltojen,iltaan,iltoihin,illassa,illoissa,illasta,illoista,illalla,illoilla,illalta,illoilta,illalle,illoille,iltana,iltoina,illaksi,illoiksi,illatta,illoitta,2019-02-24 15:55:53.096465,2019-02-26 01:31:53.099725,1 days 09:36:00,True,1,0
iso,big,isot,isoa,isoja,ison,isojen,isoon,isoihin,isossa,isoissa,isosta,isoista,isolla,isoilla,isolta,isoilta,isolle,isoille,isona,isoina,isoksi,isoiksi,isotta,isoitta,2019-02-23 11:06:12.085381,2019-02-26 09:39:48.088307,2 days 22:33:35.999999,True,3,0
isoisä,grandfather,isoisät,isoisää,isoisiä,isoisän,isoisien,isoisään,isoisiin,isoisässä,isoisissä,isoisästä,isoisistä,isoisällä,isoisillä,isoisältä,isoisiltä,isoisälle,isoisille,isoisänä,isoisinä,isoisäksi,isoisiksi,isoisättä,isoisittä,2019-02-23 10:59:55.926277,2019-02-26 09:33:31.929187,2 days 22:33:35.999999,True,3,0
isoäiti,grandmother,isoäidit,isoäitiä,isoäitejä,isoäidin,isoäitien,isoäitiin,isoäiteihin,isoäidissä,isoäideissä,isoäidistä,isoäideistä,isoäidillä,isoäideillä,isoäidiltä,isoäideiltä,isoäidille,isoäideille,isoäitinä,isoäiteinä,isoäidiksi,isoäideiksi,isoäidittä,isoäideittä,2019-02-23 11:18:37.115214,2019-02-26 09:52:13.117361,2 days 22:33:35.999999,True,3,0
isä,father,isät,isää,isiä,isän,isien,isään,isiin,isässä,isissä,isästä,isistä,isällä,isillä,isältä,isiltä,isälle,isille,isänä,isinä,isäksi,isiksi,isättä,isittä,2019-02-23 11:01:37.434961,2019-02-26 09:35:13.438097,2 days 22:33:35.999999,True,3,0
juhla,party,juhlat,juhlaa,juhlia,juhlan,juhlien,juhlaan,juhliin,juhlassa,juhlissa,juhlasta,juhlista,juhlalla,juhlilla,juhlalta,juhlilta,juhlalle,juhlille,juhlana,juhlina,juhlaksi,juhliksi,juhlatta,juhlitta,2019-02-24 15:56:56.494536,2019-02-26 01:32:56.497947,1 days 09:36:00,True,1,0
juna,train,junat,junaa,junia,junan,junien,junaan,juniin,junassa,junissa,junasta,junista,junalla,junilla,junalta,junilta,junalle,junille,junana,junina,junaksi,juniksi,junatta,junitta,2019-02-25 13:22:36.146018,2019-02-27 12:25:00.148127,1 days 23:02:24,True,2,0
juntti,redneck,juntit,junttia,juntteja,juntin,junttien,junttiin,juntteihin,juntissa,junteissa,juntista,junteista,juntilla,junteilla,juntilta,junteilta,juntille,junteille,junttina,juntteina,juntiksi,junteiksi,juntitta,junteitta,2019-02-24 08:57:44.804859,2019-02-25 18:33:44.807083,1 days 09:36:00,True,1,0
juusto,cheese,juustot,juustoa,juustoja,juuston,juustojen,juustoon,juustoihin,juustossa,juustoissa,juustosta,juustoista,juustolla,juustoilla,juustolta,juustoilta,juustolle,juustoille,juustona,juustoina,juustoksi,juustoiksi,juustotta,juustoitta,2019-02-25 13:18:18.526746,2019-02-27 12:20:42.529865,1 days 23:02:24,True,2,0
kahvi,coffee,kahvit,kahvia,kahveja,kahvin,kahvien,kahviin,kahveihin,kahvissa,kahveissa,kahvista,kahveista,kahvilla,kahveilla,kahvilta,kahveilta,kahville,kahveille,kahvina,kahveina,kahviksi,kahveiksi,kahvitta,kahveitta,2019-02-25 13:21:43.681751,2019-02-27 12:24:07.683760,1 days 23:02:24,True,2,0
kala,fish,kalat,kalaa,kaloja,kalan,kalojen,kalaan,kaloihin,kalassa,kaloissa,kalasta,kaloista,kalalla,kaloilla,kalalta,kaloilta,kalalle,kaloille,kalana,kaloina,kalaksi,kaloiksi,kalatta,kaloitta,2019-02-25 13:17:35.376381,2019-02-27 12:19:59.379063,1 days 23:02:24,True,2,0
kallis,expensive,kalliit,kallista,kalliita,kalliin,kalliiden,kalliiseen,kalliisiin,kalliissa,kalliissa,kalliista,kalliista,kalliilla,kalliilla,kalliilta,kalliilta,kalliille,kalliille,kalliina,kalliina,kalliiksi,kalliiksi,kalliitta,kalliitta,2019-02-25 13:19:49.978961,2019-02-28 07:11:11.582043,2 days 17:51:21.600000,True,3,0
katu,street,kadut,katua,katuja,kadun,katujen,katuun,katuihin,kadussa,kaduissa,kadusta,kaduista,kadulla,kaduilla,kadulta,kaduilta,kadulle,kaduille,katuna,katuina,kaduksi,kaduiksi,kadutta,kaduitta,2019-02-25 13:17:37.277785,2019-02-27 12:20:01.281953,1 days 23:02:24,True,2,0
kauppa,store,kaupat,kauppaa,kauppoja,kaupan,kauppojen,kauppaan,kauppoihin,kaupassa,kaupoissa,kaupasta,kaupoista,kaupalla,kaupoilla,kaupalta,kaupoilta,kaupalle,kaupoille,kauppana,kauppoina,kaupaksi,kaupoiksi,kaupatta,kaupoitta,2019-02-25 13:18:16.670618,2019-02-28 07:09:38.273629,2 days 17:51:21.600000,True,3,0
kaupunki,city,kaupungit,kaupunkia,kaupunkeja,kaupungin,kaupunkien,kaupunkiin,kaupunkeihin,kaupungissa,kaupungeissa,kaupungista,kaupungeista,kaupungilla,kaupungeilla,kaupungilta,kaupungeilta,kaupungille,kaupungeille,kaupunkina,kaupunkeina,kaupungiksi,kaupungeiksi,kaupungitta,kaupungeitta,2019-02-25 16:15:15.975386,2019-02-27 01:51:15.983691,1 days 09:36:00,True,1,0
keskiviikko,wednesday,keskiviikot,keskiviikkoa,keskiviikkoja,keskiviikon,keskiviikkojen,keskiviikkoon,keskiviikkoihin,keskiviikossa,keskiviikoissa,keskiviikosta,keskiviikoista,keskiviikolla,keskiviikoilla,keskiviikolta,keskiviikoilta,keskiviikolle,keskiviikoille,keskiviikkona,keskiviikkoina,keskiviikoksi,keskiviikoiksi,keskiviikotta,keskiviikoitta,2019-02-24 16:00:24.724039,2019-02-26 01:36:24.726186,1 days 09:36:00,True,1,0
kieli,"tongue, language",kielet,kieltä,kieliä,kielen,kielten,kieleen,kieliin,kielessä,kielissä,kielestä,kielistä,kielellä,kielillä,kieleltä,kieliltä,kielelle,kielille,kielenä,kielinä,kieleksi,kieliksi,kielettä,kielittä,2019-02-24 08:54:45.860348,2019-02-25 18:30:45.862590,1 days 09:36:00,True,1,0
kiire,hurry,kiireet,kiirettä,kiireitä,kiireen,kiireiden,kiireeseen,kiireisiin,kiireessä,kiireissä,kiireestä,kiireistä,kiireellä,kiireillä,kiireeltä,kiireiltä,kiireelle,kiireille,kiireenä,kiireinä,kiireeksi,kiireiksi,kiireettä,kiireittä,2019-02-24 15:57:48.363874,2019-02-26 01:33:48.366131,1 days 09:36:00,True,1,0
kiireinen,busy,kiireiset,kiireistä,kiireisiä,kiireisen,kiireisten,kiireiseen,kiireisiin,kiireisessä,kiireisissä,kiireisestä,kiireisistä,kiireisellä,kiireisillä,kiireiseltä,kiireisiltä,kiireiselle,kiireisille,kiireisenä,kiireisinä,kiireiseksi,kiireisiksi,kiireisettä,kiireisittä,2019-02-24 15:57:07.563517,2019-02-26 01:33:07.566708,1 days 09:36:00,True,1,0
kiitos,thanks,kiitokset,kiitosta,kiitoksia,kiitoksen,kiitosten,kiitokseen,kiitoksiin,kiitoksessa,kiitoksissa,kiitoksesta,kiitoksista,kiitoksella,kiitoksilla,kiitokselta,kiitoksilta,kiitokselle,kiitoksille,kiitoksena,kiitoksina,kiitokseksi,kiitoksiksi,kiitoksetta,kiitoksitta,2019-02-25 13:19:06.041074,2019-02-27 12:21:30.044015,1 days 23:02:24,True,2,0
kimppu,bunch,kimput,kimppua,kimppuja,kimpun,kimppujen,kimppuun,kimppuihin,kimpussa,kimpuissa,kimpusta,kimpuista,kimpulla,kimpuilla,kimpulta,kimpuilta,kimpulle,kimpuille,kimppuna,kimppuina,kimpuksi,kimpuiksi,kimputta,kimpuitta,2019-02-24 08:49:55.892251,2019-02-25 18:25:55.895476,1 days 09:36:00,True,1,0
kirja,book,kirjat,kirjaa,kirjoja,kirjan,kirjojen,kirjaan,kirjoihin,kirjassa,kirjoissa,kirjasta,kirjoista,kirjalla,kirjoilla,kirjalta,kirjoilta,kirjalle,kirjoille,kirjana,kirjoina,kirjaksi,kirjoiksi,kirjatta,kirjoitta,2019-02-23 11:14:41.307343,2019-02-26 09:48:17.309967,2 days 22:33:35.999999,True,3,0
kissa,cat,kissat,kissaa,kissoja,kissan,kissojen,kissaan,kissoihin,kissassa,kissoissa,kissasta,kissoista,kissalla,kissoilla,kissalta,kissoilta,kissalle,kissoille,kissana,kissoina,kissaksi,kissoiksi,kissatta,kissoitta,2019-02-23 11:02:22.194009,2019-02-26 09:35:58.197116,2 days 22:33:35.999999,True,3,0
kiva,fun,kivat,kivaa,kivoja,kivan,kivojen,kivaan,kivoihin,kivassa,kivoissa,kivasta,kivoista,kivalla,kivoilla,kivalta,kivoilta,kivalle,kivoille,kivana,kivoina,kivaksi,kivoiksi,kivatta,kivoitta,2019-02-25 16:16:50.563683,2019-02-27 01:52:50.566743,1 days 09:36:00,True,2,1
koe,"test, challenge",kokeet,koetta,kokeita,kokeen,kokeiden,kokeeseen,kokeisiin,kokeessa,kokeissa,kokeesta,kokeista,kokeella,kokeilla,kokeelta,kokeilta,kokeelle,kokeille,kokeena,kokeina,kokeeksi,kokeiksi,kokeetta,kokeitta,2019-02-24 08:47:43.776652,2019-02-26 07:50:07.779522,1 days 23:02:24,True,2,0
koira,dog,koirat,koiraa,koiria,koiran,koirien,koiraan,koiriin,koirassa,koirissa,koirasta,koirista,koiralla,koirilla,koiralta,koirilta,koiralle,koirille,koirana,koirina,koiraksi,koiriksi,koiratta,koiritta,2019-02-23 11:08:29.669462,2019-02-26 09:42:05.672473,2 days 22:33:35.999999,True,3,4
kokaiini,cocaine,kokaiinit,kokaiinia,kokaiineja,kokaiinin,kokaiinien,kokaiiniin,kokaiineihin,kokaiinissa,kokaiineissa,kokaiinista,kokaiineista,kokaiinilla,kokaiineilla,kokaiinilta,kokaiineilta,kokaiinille,kokaiineille,kokaiinina,kokaiineina,kokaiiniksi,kokaiineiksi,kokaiinitta,kokaiineitta,2019-02-24 08:52:37.175683,2019-02-25 18:28:37.177995,1 days 09:36:00,True,1,0
konsertti,concert,konsertit,konserttia,konsertteja,konsertin,konserttien,konserttiin,konsertteihin,konsertissa,konserteissa,konsertista,konserteista,konsertilla,konserteilla,konsertilta,konserteilta,konsertille,konserteille,konserttina,konsertteina,konsertiksi,konserteiksi,konsertitta,konserteitta,2019-02-24 15:57:10.105731,2019-02-26 01:33:10.108807,1 days 09:36:00,True,1,0
korjaus,correction,korjaukset,korjausta,korjauksia,korjauksen,korjausten,korjaukseen,korjauksiin,korjauksessa,korjauksissa,korjauksesta,korjauksista,korjauksella,korjauksilla,korjaukselta,korjauksilta,korjaukselle,korjauksille,korjauksena,korjauksina,korjaukseksi,korjauksiksi,korjauksetta,korjauksitta,2019-02-24 08:46:08.556958,2019-02-25 18:22:08.560497,1 days 09:36:00,True,1,0
koulu,school,koulut,koulua,kouluja,koulun,koulujen,kouluun,kouluihin,koulussa,kouluissa,koulusta,kouluista,koululla,kouluilla,koululta,kouluilta,koululle,kouluille,kouluna,kouluina,kouluksi,kouluiksi,koulutta,kouluitta,2019-02-24 08:54:59.426390,2019-02-26 07:57:23.428474,1 days 23:02:24,True,2,0
kukka,flower,kukat,kukkaa,kukkia,kukan,kukkien,kukkaan,kukkiin,kukassa,kukissa,kukasta,kukista,kukalla,kukilla,kukalta,kukilta,kukalle,kukille,kukkana,kukkina,kukaksi,kukiksi,kukatta,kukitta,2019-02-24 08:52:17.242797,2019-02-25 18:28:17.245811,1 days 09:36:00,True,1,0
kukkakimppu,bouquet,kukkakimput,kukkakimppua,kukkakimppuja,kukkakimpun,kukkakimppujen,kukkakimppuun,kukkakimppuihin,kukkakimpussa,kukkakimpuissa,kukkakimpusta,kukkakimpuista,kukkakimpulla,kukkakimpuilla,kukkakimpulta,kukkakimpuilta,kukkakimpulle,kukkakimpuille,kukkakimppuna,kukkakimppuina,kukkakimpuksi,kukkakimpuiksi,kukkakimputta,kukkakimpuitta,2019-02-24 08:58:03.018243,2019-02-25 18:34:03.021075,1 days 09:36:00,True,1,0
kukkaro,purse,kukkarot,kukkaroa,kukkaroja,kukkaron,kukkarojen,kukkaroon,kukkaroihin,kukkarossa,kukkaroissa,kukkarosta,kukkaroista,kukkarolla,kukkaroilla,kukkarolta,kukkaroilta,kukkarolle,kukkaroille,kukkarona,kukkaroina,kukkaroksi,kukkaroiksi,kukkarotta,kukkaroitta,2019-02-25 13:23:45.922194,2019-02-26 22:59:45.924390,1 days 09:36:00,True,3,5
kurssi,"class (school, course)",kurssit,kurssia,kursseja,kurssin,kurssien,kurssiin,kursseihin,kurssissa,kursseissa,kurssista,kursseista,kurssilla,kursseilla,kurssilta,kursseilta,kurssille,kursseille,kurssina,kursseina,kurssiksi,kursseiksi,kurssitta,kursseitta,2019-02-24 08:49:12.899384,2019-02-26 07:51:36.902334,1 days 23:02:24,True,2,0
kuusi,six,kuudet,kuutta,kuusia,kuuden,kuusien,kuuteen,kuusiin,kuudessa,kuusissa,kuudesta,kuusista,kuudella,kuusilla,kuudelta,kuusilta,kuudelle,kuusille,kuutena,kuusina,kuudeksi,kuusiksi,kuudetta,kuusitta,2019-02-23 11:16:44.458619,2019-02-26 09:50:20.461753,2 days 22:33:35.999999,True,3,0
kuva,picture,kuvat,kuvaa,kuvia,kuvan,kuvien,kuvaan,kuviin,kuvassa,kuvissa,kuvasta,kuvista,kuvalla,kuvilla,kuvalta,kuvilta,kuvalle,kuville,kuvana,kuvina,kuvaksi,kuviksi,kuvatta,kuvitta,2019-02-23 11:17:40.634912,2019-02-26 09:51:16.637961,2 days 22:33:35.999999,True,3,0
kynä,pen (writing),kynät,kynää,kyniä,kynän,kynien,kynään,kyniin,kynässä,kynissä,kynästä,kynistä,kynällä,kynillä,kynältä,kyniltä,kynälle,kynille,kynänä,kyninä,kynäksi,kyniksi,kynättä,kynittä,2019-02-24 08:57:00.237933,2019-02-26 07:59:24.240141,1 days 23:02:24,True,2,0
kysymys,question,kysymykset,kysymystä,kysymyksiä,kysymyksen,kysymysten,kysymykseen,kysymyksiin,kysymyksessä,kysymyksissä,kysymyksestä,kysymyksistä,kysymyksellä,kysymyksillä,kysymykseltä,kysymyksiltä,kysymykselle,kysymyksille,kysymyksenä,kysymyksinä,kysymykseksi,kysymyksiksi,kysymyksettä,kysymyksittä,2019-02-24 08:47:23.843625,2019-02-26 07:49:47.846250,1 days 23:02:24,True,2,0
käärme,snake,käärmeet,käärmettä,käärmeitä,käärmeen,käärmeiden,käärmeeseen,käärmeisiin,käärmeessä,käärmeissä,käärmeestä,käärmeistä,käärmeellä,käärmeillä,käärmeeltä,käärmeiltä,käärmeelle,käärmeille,käärmeenä,käärmeinä,käärmeeksi,käärmeiksi,käärmeettä,käärmeittä,2019-02-23 11:15:22.927790,2019-02-26 09:48:58.933095,2 days 22:33:35.999999,True,3,0
lahja,gift (something given),lahjat,lahjaa,lahjoja,lahjan,lahjojen,lahjaan,lahjoihin,lahjassa,lahjoissa,lahjasta,lahjoista,lahjalla,lahjoilla,lahjalta,lahjoilta,lahjalle,lahjoille,lahjana,lahjoina,lahjaksi,lahjoiksi,lahjatta,lahjoitta,2019-02-25 13:23:00.702336,2019-02-28 07:14:22.304417,2 days 17:51:21.600000,True,3,0
lasi,glass,lasit,lasia,laseja,lasin,lasien,lasiin,laseihin,lasissa,laseissa,lasista,laseista,lasilla,laseilla,lasilta,laseilta,lasille,laseille,lasina,laseina,lasiksi,laseiksi,lasitta,laseitta,2019-02-25 13:19:41.464030,2019-02-27 12:22:05.466968,1 days 23:02:24,True,2,0
lasku,"calculation, bill, descent",laskut,laskua,laskuja,laskun,laskujen,laskuun,laskuihin,laskussa,laskuissa,laskusta,laskuista,laskulla,laskuilla,laskulta,laskuilta,laskulle,laskuille,laskuna,laskuina,laskuksi,laskuiksi,laskutta,laskuitta,2019-02-25 13:20:22.994348,2019-02-27 12:22:46.997206,1 days 23:02:24,True,2,0
lauantai,saturday,lauantait,lauantaita,lauantaita,lauantain,lauantaiden,lauantaihin,lauantaihin,lauantaissa,lauantaissa,lauantaista,lauantaista,lauantailla,lauantailla,lauantailta,lauantailta,lauantaille,lauantaille,lauantaina,lauantaina,lauantaiksi,lauantaiksi,lauantaitta,lauantaitta,2019-02-24 15:58:57.105689,2019-02-26 01:34:57.108103,1 days 09:36:00,True,1,0
leipä,bread,leivät,leipää,leipiä,leivän,leipien,leipään,leipiin,leivässä,leivissä,leivästä,leivistä,leivällä,leivillä,leivältä,leiviltä,leivälle,leiville,leipänä,leipinä,leiväksi,leiviksi,leivättä,leivittä,2019-02-25 13:17:05.522508,2019-02-27 12:19:29.525504,1 days 23:02:24,True,2,0
lentoasema,airport,lentoasemat,lentoasemaa,lentoasemia,lentoaseman,lentoasemien,lentoasemaan,lentoasemiin,lentoasemassa,lentoasemissa,lentoasemasta,lentoasemista,lentoasemalla,lentoasemilla,lentoasemalta,lentoasemilta,lentoasemalle,lentoasemille,lentoasemana,lentoasemina,lentoasemaksi,lentoasemiksi,lentoasematta,lentoasemitta,2019-02-25 13:20:28.551042,2019-02-27 12:22:52.553522,1 days 23:02:24,True,2,0
liha,meat,lihat,lihaa,lihoja,lihan,lihojen,lihaan,lihoihin,lihassa,lihoissa,lihasta,lihoista,lihalla,lihoilla,lihalta,lihoilta,lihalle,lihoille,lihana,lihoina,lihaksi,lihoiksi,lihatta,lihoitta,2019-02-25 13:20:24.557800,2019-02-27 12:22:48.560126,1 days 23:02:24,True,2,0
lippu,"flag, ticket",liput,lippua,lippuja,lipun,lippujen,lippuun,lippuihin,lipussa,lipuissa,lipusta,lipuista,lipulla,lipuilla,lipulta,lipuilta,lipulle,lipuille,lippuna,lippuina,lipuksi,lipuiksi,liputta,lipuitta,2019-02-25 13:20:13.489774,2019-02-27 12:22:37.492160,1 days 23:02:24,True,2,0
lääkäri,doctor,lääkärit,lääkäriä,lääkäreitä,lääkärin,lääkärien,lääkäriin,lääkäreihin,lääkärissä,lääkäreissä,lääkäristä,lääkäreistä,lääkärillä,lääkäreillä,lääkäriltä,lääkäreiltä,lääkärille,lääkäreille,lääkärinä,lääkäreinä,lääkäriksi,lääkäreiksi,lääkärittä,lääkäreittä,2019-02-25 16:18:53.318703,2019-02-27 01:54:53.321788,1 days 09:36:00,True,1,0
maanantai,monday,maanantait,maanantaita,maanantaita,maanantain,maanantaiden,maanantaihin,maanantaihin,maanantaissa,maanantaissa,maanantaista,maanantaista,maanantailla,maanantailla,maanantailta,maanantailta,maanantaille,maanantaille,maanantaina,maanantaina,maanantaiksi,maanantaiksi,maanantaitta,maanantaitta,2019-02-24 15:55:16.693693,2019-02-26 01:31:16.696806,1 days 09:36:00,True,1,0
maito,milk,maidot,maitoa,maitoja,maidon,maitojen,maitoon,maitoihin,maidossa,maidoissa,maidosta,maidoista,maidolla,maidoilla,maidolta,maidoilta,maidolle,maidoille,maitona,maitoina,maidoksi,maidoiksi,maidotta,maidoitta,2019-02-25 13:23:28.048196,2019-02-27 12:25:52.050303,1 days 23:02:24,True,2,0
mansikka,strawberry,mansikat,mansikkaa,mansikoita,mansikan,mansikoiden,mansikkaan,mansikoihin,mansikassa,mansikoissa,mansikasta,mansikoista,mansikalla,mansikoilla,mansikalta,mansikoilta,mansikalle,mansikoille,mansikkana,mansikkoina,mansikaksi,mansikoiksi,mansikatta,mansikoitta,2019-02-23 11:16:17.854874,2019-02-26 09:49:53.857983,2 days 22:33:35.999999,True,3,0
matkalaukku,suitcase,matkalaukut,matkalaukkua,matkalaukkuja,matkalaukun,matkalaukkujen,matkalaukkuun,matkalaukkuihin,matkalaukussa,matkalaukuissa,matkalaukusta,matkalaukuista,matkalaukulla,matkalaukuilla,matkalaukulta,matkalaukuilta,matkalaukulle,matkalaukuille,matkalaukkuna,matkalaukkuina,matkalaukuksi,matkalaukuiksi,matkalaukutta,matkalaukuitta,2019-02-25 13:15:58.032396,2019-02-27 12:18:22.040792,1 days 23:02:24,True,2,0
mehu,juice,mehut,mehua,mehuja,mehun,mehujen,mehuun,mehuihin,mehussa,mehuissa,mehusta,mehuista,mehulla,mehuilla,mehulta,mehuilta,mehulle,mehuille,mehuna,mehuina,mehuksi,mehuiksi,mehutta,mehuitta,2019-02-25 16:16:15.997408,2019-02-27 01:52:16.000343,1 days 09:36:00,True,1,0
mekko,dress (woman's garment),mekot,mekkoa,mekkoja,mekon,mekkojen,mekkoon,mekkoihin,mekossa,mekoissa,mekosta,mekoista,mekolla,mekoilla,mekolta,mekoilta,mekolle,mekoille,mekkona,mekkoina,mekoksi,mekoiksi,mekotta,mekoitta,2019-02-25 13:23:26.665179,2019-02-28 07:14:48.267627,2 days 17:51:21.600000,True,3,0
metsä,forest,metsät,metsää,metsiä,metsän,metsien,metsään,metsiin,metsässä,metsissä,metsästä,metsistä,metsällä,metsillä,metsältä,metsiltä,metsälle,metsille,metsänä,metsinä,metsäksi,metsiksi,metsättä,metsittä,2019-02-23 11:18:54.899612,2019-02-26 09:52:30.902111,2 days 22:33:35.999999,True,3,0
mielenkiintoinen,interesting,mielenkiintoiset,mielenkiintoista,mielenkiintoisia,mielenkiintoisen,mielenkiintoisten,mielenkiintoiseen,mielenkiintoisiin,mielenkiintoisessa,mielenkiintoisissa,mielenkiintoisesta,mielenkiintoisista,mielenkiintoisella,mielenkiintoisilla,mielenkiintoiselta,mielenkiintoisilta,mielenkiintoiselle,mielenkiintoisille,mielenkiintoisena,mielenkiintoisina,mielenkiintoiseksi,mielenkiintoisiksi,mielenkiintoisetta,mielenkiintoisitta,2019-02-23 11:15:53.917740,2019-02-26 09:49:29.920764,2 days 22:33:35.999999,True,3,0
mies,"man, husband",miehet,miestä,miehiä,miehen,miesten,mieheen,miehiin,miehessä,miehissä,miehestä,miehistä,miehellä,miehillä,mieheltä,miehiltä,miehelle,miehille,miehenä,miehinä,mieheksi,miehiksi,miehettä,miehittä,2019-02-23 11:16:28.417611,2019-02-26 09:50:04.420909,2 days 22:33:35.999999,True,3,0
mukava,"nice, pleasant, comfortable",mukavat,mukavaa,mukavia,mukavan,mukavien,mukavaan,mukaviin,mukavassa,mukavissa,mukavasta,mukavista,mukavalla,mukavilla,mukavalta,mukavilta,mukavalle,mukaville,mukavana,mukavina,mukavaksi,mukaviksi,mukavatta,mukavitta,2019-02-25 13:22:33.569861,2019-02-28 07:13:55.172102,2 days 17:51:21.600000,True,3,0
museo,museum,museot,museota,museoita,museon,museoiden,museoon,museoihin,museossa,museoissa,museosta,museoista,museolla,museoilla,museolta,museoilta,museolle,museoille,museona,museoina,museoksi,museoiksi,museotta,museoitta,2019-02-25 13:22:37.540955,2019-02-27 12:25:01.543270,1 days 23:02:24,True,2,0
musta,black,mustat,mustaa,mustia,mustan,mustien,mustaan,mustiin,mustassa,mustissa,mustasta,mustista,mustalla,mustilla,mustalta,mustilta,mustalle,mustille,mustana,mustina,mustaksi,mustiksi,mustatta,mustitta,2019-02-24 08:48:43.022900,2019-02-25 18:24:43.025810,1 days 09:36:00,True,1,0
nainen,woman,naiset,naista,naisia,naisen,naisten,naiseen,naisiin,naisessa,naisissa,naisesta,naisista,naisella,naisilla,naiselta,naisilta,naiselle,naisille,naisena,naisina,naiseksi,naisiksi,naisetta,naisitta,2019-02-25 13:17:00.471911,2019-02-27 12:19:24.474700,1 days 23:02:24,True,2,0
nimi,name,nimet,nimeä,nimiä,nimen,nimien,nimeen,nimiin,nimessä,nimissä,nimestä,nimistä,nimellä,nimillä,nimeltä,nimiltä,nimelle,nimille,nimenä,niminä,nimeksi,nimiksi,nimettä,nimittä,2019-02-23 11:19:10.400461,2019-02-26 09:52:46.403258,2 days 22:33:35.999999,True,3,0
numero,number,numerot,numeroa,numeroja,numeron,numerojen,numeroon,numeroihin,numerossa,numeroissa,numerosta,numeroista,numerolla,numeroilla,numerolta,numeroilta,numerolle,numeroille,numerona,numeroina,numeroksi,numeroiksi,numerotta,numeroitta,2019-02-25 16:18:29.641084,2019-02-27 01:54:29.644260,1 days 09:36:00,True,1,0
nuori,young,nuoret,nuorta,nuoria,nuoren,nuorten,nuoreen,nuoriin,nuoressa,nuorissa,nuoresta,nuorista,nuorella,nuorilla,nuorelta,nuorilta,nuorelle,nuorille,nuorena,nuorina,nuoreksi,nuoriksi,nuoretta,nuoritta,2019-02-25 16:15:28.011238,2019-02-27 01:51:28.014043,1 days 09:36:00,True,1,0
omena,apple,omenat,omenaa,omenia,omenan,omenien,omenaan,omeniin,omenassa,omenoissa,omenasta,omenoista,omenalla,omenoilla,omenalta,omenoilta,omenalle,omenoille,omenana,omenoina,omenaksi,omenoiksi,omenatta,omenoitta,2019-02-25 13:17:02.169681,2019-02-27 12:19:26.172818,1 days 23:02:24,True,2,0
opettaja,teacher,opettajat,opettajaa,opettajia,opettajan,opettajien,opettajaan,opettajiin,opettajassa,opettajissa,opettajasta,opettajista,opettajalla,opettajilla,opettajalta,opettajilta,opettajalle,opettajille,opettajana,opettajina,opettajaksi,opettajiksi,opettajatta,opettajitta,2019-02-24 08:53:39.774961,2019-02-26 07:56:03.776851,1 days 23:02:24,True,2,0
opiskelija,student,opiskelijat,opiskelijaa,opiskelijoita,opiskelijan,opiskelijoiden,opiskelijaan,opiskelijoihin,opiskelijassa,opiskelijoissa,opiskelijasta,opiskelijoista,opiskelijalla,opiskelijoilla,opiskelijalta,opiskelijoilta,opiskelijalle,opiskelijoille,opiskelijana,opiskelijoina,opiskelijaksi,opiskelijoiksi,opiskelijatta,opiskelijoitta,2019-02-24 08:52:34.746044,2019-02-26 07:54:58.748991,1 days 23:02:24,True,2,0
osoite,direction,osoitteet,osoitetta,osoitteita,osoitteen,osoitteiden,osoitteeseen,osoitteisiin,osoitteessa,osoitteissa,osoitteesta,osoitteista,osoitteella,osoitteilla,osoitteelta,osoitteilta,osoitteelle,osoitteille,osoitteena,osoitteina,osoitteeksi,osoitteiksi,osoitteetta,osoitteitta,2019-02-25 16:16:44.088761,2019-02-27 01:52:44.092120,1 days 09:36:00,True,1,0
paita,shirt,paidat,paitaa,paitoja,paidan,paitojen,paitaan,paitoihin,paidassa,paidoissa,paidasta,paidoista,paidalla,paidoilla,paidalta,paidoilta,paidalle,paidoille,paitana,paitoina,paidaksi,paidoiksi,paidatta,paidoitta,2019-02-25 13:19:21.857758,2019-02-28 07:10:43.460775,2 days 17:51:21.600000,True,3,0
paska,shit,paskat,paskaa,paskoja,paskan,paskojen,paskaan,paskoihin,paskassa,paskoissa,paskasta,paskoista,paskalla,paskoilla,paskalta,paskoilta,paskalle,paskoille,paskana,paskoina,paskaksi,paskoiksi,paskatta,paskoitta,2019-02-24 08:56:51.564668,2019-02-25 18:32:51.566663,1 days 09:36:00,True,1,0
passi,passport,passit,passia,passeja,passin,passien,passiin,passeihin,passissa,passeissa,passista,passeista,passilla,passeilla,passilta,passeilta,passille,passeille,passina,passeina,passiksi,passeiksi,passitta,passeitta,2019-02-25 13:20:15.041309,2019-02-27 12:22:39.043333,1 days 23:02:24,True,2,0
peli,game,pelit,peliä,pelejä,pelin,pelien,peliin,peleihin,pelissä,peleissä,pelistä,peleistä,pelillä,peleillä,peliltä,peleiltä,pelille,peleille,pelinä,peleinä,peliksi,peleiksi,pelittä,peleittä,2019-02-24 15:57:15.583999,2019-02-26 01:33:15.586931,1 days 09:36:00,True,1,0
perhe,family,perheet,perhettä,perheitä,perheen,perheiden,perheeseen,perheisiin,perheessä,perheissä,perheestä,perheistä,perheellä,perheillä,perheeltä,perheiltä,perheelle,perheille,perheenä,perheinä,perheeksi,perheiksi,perheettä,perheittä,2019-02-23 11:15:37.989450,2019-02-26 09:49:13.992148,2 days 22:33:35.999999,True,3,0
perjantai,friday,perjantait,perjantaita,perjantaita,perjantain,perjantaiden,perjantaihin,perjantaihin,perjantaissa,perjantaissa,perjantaista,perjantaista,perjantailla,perjantailla,perjantailta,perjantailta,perjantaille,perjantaille,perjantaina,perjantaina,perjantaiksi,perjantaiksi,perjantaitta,perjantaitta,2019-02-24 15:57:20.544900,2019-02-26 01:33:20.548031,1 days 09:36:00,True,1,0
perkele,"devil, goddamn",perkeleet,perkelettä,perkeleitä,perkeleen,perkeleiden,perkeleeseen,perkeleisiin,perkeleessä,perkeleissä,perkeleestä,perkeleistä,perkeleellä,perkeleillä,perkeleeltä,perkeleiltä,perkeleelle,perkeleille,perkeleenä,perkeleinä,perkeleeksi,perkeleiksi,perkeleettä,perkeleittä,2019-02-24 08:47:45.935884,2019-02-25 18:23:45.938686,1 days 09:36:00,True,1,0
peto,beast,pedot,petoa,petoja,pedon,petojen,petoon,petoihin,pedossa,pedoissa,pedosta,pedoista,pedolla,pedoilla,pedolta,pedoilta,pedolle,pedoille,petona,petoina,pedoksi,pedoiksi,pedotta,pedoitta,2019-02-23 11:14:45.728043,2019-02-26 09:48:21.730668,2 days 22:33:35.999999,True,3,0
poika,"boy, son",pojat,poikaa,poikia,pojan,poikien,poikaan,poikiin,pojassa,pojissa,pojasta,pojista,pojalla,pojilla,pojalta,pojilta,pojalle,pojille,poikana,poikina,pojaksi,pojiksi,pojatta,pojitta,2019-02-23 11:16:02.286971,2019-02-26 09:49:38.290027,2 days 22:33:35.999999,True,3,0
poikaystävä,boyfriend,poikaystävät,poikaystävää,poikaystäviä,poikaystävän,poikaystävien,poikaystävään,poikaystäviin,poikaystävässä,poikaystävissä,poikaystävästä,poikaystävistä,poikaystävällä,poikaystävillä,poikaystävältä,poikaystäviltä,poikaystävälle,poikaystäville,poikaystävänä,poikaystävinä,poikaystäväksi,poikaystäviksi,poikaystävättä,poikaystävittä,2019-02-25 16:16:21.587405,2019-02-27 01:52:21.590450,1 days 09:36:00,True,1,0
puhelin,phone,puhelimet,puhelinta,puhelimia,puhelimen,puhelimien,puhelimeen,puhelimiin,puhelimessa,puhelimissa,puhelimesta,puhelimista,puhelimella,puhelimilla,puhelimelta,puhelimilta,puhelimelle,puhelimille,puhelimena,puhelimina,puhelimeksi,puhelimiksi,puhelimetta,puhelimitta,2019-02-25 13:16:51.495248,2019-02-27 12:19:15.498230,1 days 23:02:24,True,2,0
punainen,red,punaiset,punaista,punaisia,punaisen,punaisten,punaiseen,punaisiin,punaisessa,punaisissa,punaisesta,punaisista,punaisella,punaisilla,punaiselta,punaisilta,punaiselle,punaisille,punaisena,punaisina,punaiseksi,punaisiksi,punaisetta,punaisitta,2019-02-25 13:17:09.427430,2019-02-28 07:08:31.032360,2 days 17:51:21.600000,True,3,0
päivä,day,päivät,päivää,päiviä,päivän,päivien,päivään,päiviin,päivässä,päivissä,päivästä,päivistä,päivällä,päivillä,päivältä,päiviltä,päivälle,päiville,päivänä,päivinä,päiväksi,päiviksi,päivättä,päivittä,2019-02-24 15:57:13.649118,2019-02-26 01:33:13.652161,1 days 09:36:00,True,1,0
pöytä,table,pöydät,pöytää,pöytiä,pöydän,pöytien,pöytään,pöytiin,pöydässä,pöydissä,pöydästä,pöydistä,pöydällä,pöydillä,pöydältä,pöydiltä,pöydälle,pöydille,pöytänä,pöytinä,pöydäksi,pöydiksi,pöydättä,pöydittä,2019-02-25 13:21:59.193844,2019-02-27 12:24:23.196265,1 days 23:02:24,True,2,0
raha,money,rahat,rahaa,rahoja,rahan,rahojen,rahaan,rahoihin,rahassa,rahoissa,rahasta,rahoista,rahalla,rahoilla,rahalta,rahoilta,rahalle,rahoille,rahana,rahoina,rahaksi,rahoiksi,rahatta,rahoitta,2019-02-25 13:17:07.276805,2019-02-27 12:19:31.279658,1 days 23:02:24,True,2,0
rannekello,wristwatch,rannekellot,rannekelloa,rannekelloja,rannekellon,rannekellojen,rannekelloon,rannekelloihin,rannekellossa,rannekelloissa,rannekellosta,rannekelloista,rannekellolla,rannekelloilla,rannekellolta,rannekelloilta,rannekellolle,rannekelloille,rannekellona,rannekelloina,rannekelloksi,rannekelloiksi,rannekellotta,rannekelloitta,2019-02-25 13:18:53.251486,2019-02-28 07:10:14.854766,2 days 17:51:21.600000,True,3,0
ravintola,restaurant,ravintolat,ravintolaa,ravintoloita,ravintolan,ravintoloiden,ravintolaan,ravintoloihin,ravintolassa,ravintoloissa,ravintolasta,ravintoloista,ravintolalla,ravintoloilla,ravintolalta,ravintoloilta,ravintolalle,ravintoloille,ravintolana,ravintoloina,ravintolaksi,ravintoloiksi,ravintolatta,ravintoloitta,2019-02-25 13:23:42.750879,2019-02-26 22:59:42.753128,1 days 09:36:00,True,2,2
ristiriitainen,contradictory,ristiriitaiset,ristiriitaista,ristiriitaisia,ristiriitaisen,ristiriitaisten,ristiriitaiseen,ristiriitaisiin,ristiriitaisessa,ristiriitaisissa,ristiriitaisesta,ristiriitaisista,ristiriitaisella,ristiriitaisilla,ristiriitaiselta,ristiriitaisilta,ristiriitaiselle,ristiriitaisille,ristiriitaisena,ristiriitaisina,ristiriitaiseksi,ristiriitaisiksi,ristiriitaisetta,ristiriitaisitta,2019-02-24 08:48:48.298969,2019-02-25 18:24:48.302119,1 days 09:36:00,True,1,0
ruskea,brown,ruskeat,ruskeaa,ruskeita,ruskean,ruskeiden,ruskeaan,ruskeisiin,ruskeassa,ruskeissa,ruskeasta,ruskeista,ruskealla,ruskeilla,ruskealta,ruskeilta,ruskealle,ruskeille,ruskeana,ruskeina,ruskeaksi,ruskeiksi,ruskeatta,ruskeitta,2019-02-25 13:18:02.316922,2019-02-28 07:09:23.920248,2 days 17:51:21.600000,True,3,0
ruumisarkku,"coffin, casket",ruumisarkut,ruumisarkkua,ruumisarkkuja,ruumisarkun,ruumisarkkujen,ruumisarkkuun,ruumisarkkuihin,ruumisarkussa,ruumisarkuissa,ruumisarkusta,ruumisarkuista,ruumisarkulla,ruumisarkuilla,ruumisarkulta,ruumisarkuilta,ruumisarkulle,ruumisarkuille,ruumisarkkuna,ruumisarkkuina,ruumisarkuksi,ruumisarkuiksi,ruumisarkutta,ruumisarkuitta,2019-02-25 13:17:13.690023,2019-02-26 22:53:13.693732,1 days 09:36:00,True,2,1
saatana,Satan,saatanat,saatanaa,saatanoita,saatanan,saatanoiden,saatanaan,saatanoihin,saatanassa,saatanoissa,saatanasta,saatanoista,saatanalla,saatanoilla,saatanalta,saatanoilta,saatanalle,saatanoille,saatanana,saatanoina,saatanaksi,saatanoiksi,saatanatta,saatanoitta,2019-02-24 08:53:24.161370,2019-02-25 18:29:24.163896,1 days 09:36:00,True,1,0
sairaala,hospital,sairaalat,sairaalaa,sairaaloita,sairaalan,sairaaloiden,sairaalaan,sairaaloihin,sairaalassa,sairaaloissa,sairaalasta,sairaaloista,sairaalalla,sairaaloilla,sairaalalta,sairaaloilta,sairaalalle,sairaaloille,sairaalana,sairaaloina,sairaalaksi,sairaaloiksi,sairaalatta,sairaaloitta,2019-02-25 13:23:34.021074,2019-02-27 12:25:58.023071,1 days 23:02:24,True,2,0
salaatti,salad,salaatit,salaattia,salaatteja,salaatin,salaattien,salaattiin,salaatteihin,salaatissa,salaateissa,salaatista,salaateista,salaatilla,salaateilla,salaatilta,salaateilta,salaatille,salaateille,salaattina,salaatteina,salaatiksi,salaateiksi,salaatitta,salaateitta,2019-02-25 13:18:46.209738,2019-02-27 12:21:10.212888,1 days 23:02:24,True,2,0
sarastus,"dawning (of something), dawn",sarastukset,sarastusta,sarastuksia,sarastuksen,sarastusten,sarastukseen,sarastuksiin,sarastuksessa,sarastuksissa,sarastuksesta,sarastuksista,sarastuksella,sarastuksilla,sarastukselta,sarastuksilta,sarastukselle,sarastuksille,sarastuksena,sarastuksina,sarastukseksi,sarastuksiksi,sarastuksetta,sarastuksitta,2019-02-24 09:49:57.783871,2019-02-25 19:25:57.786332,1 days 09:36:00,True,1,0
satanisti,satanist,satanistit,satanistia,satanisteja,satanistin,satanistien,satanistiin,satanisteihin,satanistissa,satanisteissa,satanistista,satanisteista,satanistilla,satanisteilla,satanistilta,satanisteilta,satanistille,satanisteille,satanistina,satanisteina,satanistiksi,satanisteiksi,satanistitta,satanisteitta,2019-02-24 08:56:49.629657,2019-02-25 18:32:49.631848,1 days 09:36:00,True,1,0
seremonia,ceremony,seremoniat,seremoniaa,seremonioita,seremonian,seremonioiden,seremoniaan,seremonioihin,seremoniassa,seremonioissa,seremoniasta,seremonioista,seremonialla,seremonioilla,seremonialta,seremonioilta,seremonialle,seremonioille,seremoniana,seremonioina,seremoniaksi,seremonioiksi,seremoniatta,seremonioitta,2019-02-24 08:52:32.193079,2019-02-25 18:28:32.195879,1 days 09:36:00,True,1,0
sievä,pretty (attractive),sievät,sievää,sieviä,sievän,sievien,sievään,sieviin,sievässä,sievissä,sievästä,sievistä,sievällä,sievillä,sievältä,sieviltä,sievälle,sieville,sievänä,sievinä,sieväksi,sieviksi,sievättä,sievittä,2019-02-25 13:19:02.228498,2019-02-26 22:55:02.231533,1 days 09:36:00,True,4,3
sininen,blue,siniset,sinistä,sinisiä,sinisen,sinisten,siniseen,sinisiin,sinisessä,sinisissä,sinisestä,sinisistä,sinisellä,sinisillä,siniseltä,sinisiltä,siniselle,sinisille,sinisenä,sinisinä,siniseksi,sinisiksi,sinisettä,sinisittä,2019-02-25 13:21:54.041796,2019-02-28 07:13:15.644062,2 days 17:51:21.600000,True,3,0
sisko,sister,siskot,siskoa,siskoja,siskon,siskojen,siskoon,siskoihin,siskossa,siskoissa,siskosta,siskoista,siskolla,siskoilla,siskolta,siskoilta,siskolle,siskoille,siskona,siskoina,siskoksi,siskoiksi,siskotta,siskoitta,2019-02-25 13:23:29.544236,2019-02-27 12:25:53.546297,1 days 23:02:24,True,2,0
sokeri,sugar,sokerit,sokeria,sokereita,sokerin,sokerien,sokeriin,sokereihin,sokerissa,sokereissa,sokerista,sokereista,sokerilla,sokereilla,sokerilta,sokereilta,sokerille,sokereille,sokerina,sokereina,sokeriksi,sokereiksi,sokeritta,sokereitta,2019-02-25 13:19:43.049788,2019-02-27 12:22:07.052631,1 days 23:02:24,True,2,0
sunnuntai,sunday,sunnuntait,sunnuntaita,sunnuntaita,sunnuntain,sunnuntaiden,sunnuntaihin,sunnuntaihin,sunnuntaissa,sunnuntaissa,sunnuntaista,sunnuntaista,sunnuntailla,sunnuntailla,sunnuntailta,sunnuntailta,sunnuntaille,sunnuntaille,sunnuntaina,sunnuntaina,sunnuntaiksi,sunnuntaiksi,sunnuntaitta,sunnuntaitta,2019-02-24 15:57:38.936948,2019-02-26 01:33:38.940052,1 days 09:36:00,True,1,0
syntymäpäivä,birthday,syntymäpäivät,syntymäpäivää,syntymäpäiviä,syntymäpäivän,syntymäpäivien,syntymäpäivään,syntymäpäiviin,syntymäpäivässä,syntymäpäivissä,syntymäpäivästä,syntymäpäivistä,syntymäpäivällä,syntymäpäivillä,syntymäpäivältä,syntymäpäiviltä,syntymäpäivälle,syntymäpäiville,syntymäpäivänä,syntymäpäivinä,syntymäpäiväksi,syntymäpäiviksi,syntymäpäivättä,syntymäpäivittä,2019-02-24 15:59:33.800404,2019-02-26 01:35:33.802600,1 days 09:36:00,True,1,0
taiteellinen,creative,taiteelliset,taiteellista,taiteellisia,taiteellisen,taiteellisten,taiteelliseen,taiteellisiin,taiteellisessa,taiteellisissa,taiteellisesta,taiteellisista,taiteellisella,taiteellisilla,taiteelliselta,taiteellisilta,taiteelliselle,taiteellisille,taiteellisena,taiteellisina,taiteelliseksi,taiteellisiksi,taiteellisetta,taiteellisitta,2019-02-25 16:18:13.127589,2019-02-23 23:16:59.843523,1 days 00:00:00,False,0,6
takki,jacket,takit,takkia,takkeja,takin,takkien,takkiin,takkeihin,takissa,takeissa,takista,takeista,takilla,takeilla,takilta,takeilta,takille,takeille,takkina,takkeina,takiksi,takeiksi,takitta,takeitta,2019-02-25 13:23:24.842055,2019-02-28 07:14:46.444160,2 days 17:51:21.600000,True,3,0
taksi,taxi,taksit,taksia,takseja,taksin,taksien,taksiin,takseihin,taksissa,takseissa,taksista,takseista,taksilla,takseilla,taksilta,takseilta,taksille,takseille,taksina,takseina,taksiksi,takseiksi,taksitta,takseitta,2019-02-25 13:22:59.217327,2019-02-27 12:25:23.219463,1 days 23:02:24,True,2,0
talo,house,talot,taloa,taloja,talon,talojen,taloon,taloihin,talossa,taloissa,talosta,taloista,talolla,taloilla,talolta,taloilta,talolle,taloille,talona,taloina,taloksi,taloiksi,talotta,taloitta,2019-02-25 13:18:21.945818,2019-02-28 11:51:57.949525,2 days 22:33:35.999999,True,3,0
tanssi,dance,tanssit,tanssia,tansseja,tanssin,tanssien,tanssiin,tansseihin,tanssissa,tansseissa,tanssista,tansseista,tanssilla,tansseilla,tanssilta,tansseilta,tanssille,tansseille,tanssina,tansseina,tanssiksi,tansseiksi,tanssitta,tansseitta,2019-02-24 15:59:51.966842,2019-02-26 01:35:51.968899,1 days 09:36:00,True,1,0
tarjoilija,waiter,tarjoilijat,tarjoilijaa,tarjoilijoita,tarjoilijan,tarjoilijoiden,tarjoilijaan,tarjoilijoihin,tarjoilijassa,tarjoilijoissa,tarjoilijasta,tarjoilijoista,tarjoilijalla,tarjoilijoilla,tarjoilijalta,tarjoilijoilta,tarjoilijalle,tarjoilijoille,tarjoilijana,tarjoilijoina,tarjoilijaksi,tarjoilijoiksi,tarjoilijatta,tarjoilijoitta,2019-02-25 16:17:58.674964,2019-02-25 16:02:12.768953,1 days 00:00:00,False,0,1
taso,level,tasot,tasoa,tasoja,tason,tasojen,tasoon,tasoihin,tasossa,tasoissa,tasosta,tasoista,tasolla,tasoilla,tasolta,tasoilta,tasolle,tasoille,tasona,tasoina,tasoksi,tasoiksi,tasotta,tasoitta,2019-02-25 13:21:21.206705,2019-02-27 12:23:45.208992,1 days 23:02:24,True,4,3
tee,tea,teet,teetä,teitä,teen,teiden,teehen,teihin,teessä,teissä,teestä,teistä,teellä,teillä,teeltä,teiltä,teelle,teille,teenä,teinä,teeksi,teiksi,teettä,teittä,2019-02-24 15:55:54.760079,2019-02-26 01:31:54.763479,1 days 09:36:00,True,1,0
tehdas,factory,tehtaat,tehdasta,tehtaita,tehtaan,tehtaiden,tehtaaseen,tehtaisiin,tehtaassa,tehtaissa,tehtaasta,tehtaista,tehtaalla,tehtailla,tehtaalta,tehtailta,tehtaalle,tehtaille,tehtaana,tehtaina,tehtaaksi,tehtaiksi,tehtaatta,tehtaitta,2019-02-25 16:15:30.193321,2019-02-27 01:51:30.196191,1 days 09:36:00,True,1,0
terve,well (in good health),terveet,tervettä,terveitä,terveen,terveiden,terveeseen,terveisiin,terveessä,terveissä,terveestä,terveistä,terveellä,terveillä,terveeltä,terveiltä,terveelle,terveille,terveenä,terveinä,terveeksi,terveiksi,terveettä,terveittä,2019-02-24 15:58:25.518622,2019-02-26 01:34:25.521388,1 days 09:36:00,True,1,0
tietokone,computer,tietokoneet,tietokonetta,tietokoneita,tietokoneen,tietokoneiden,tietokoneeseen,tietokoneisiin,tietokoneessa,tietokoneissa,tietokoneesta,tietokoneista,tietokoneella,tietokoneilla,tietokoneelta,tietokoneilta,tietokoneelle,tietokoneille,tietokoneena,tietokoneina,tietokoneeksi,tietokoneiksi,tietokoneetta,tietokoneitta,2019-02-24 08:48:50.716947,2019-02-26 07:51:14.719893,1 days 23:02:24,True,2,0
tiistai,teusday,tiistait,tiistaita,tiistaita,tiistain,tiistaiden,tiistaihin,tiistaihin,tiistaissa,tiistaissa,tiistaista,tiistaista,tiistailla,tiistailla,tiistailta,tiistailta,tiistaille,tiistaille,tiistaina,tiistaina,tiistaiksi,tiistaiksi,tiistaitta,tiistaitta,2019-02-24 15:55:20.653242,2019-02-26 01:31:20.656112,1 days 09:36:00,True,1,0
toimisto,office,toimistot,toimistoa,toimistoja,toimiston,toimistojen,toimistoon,toimistoihin,toimistossa,toimistoissa,toimistosta,toimistoista,toimistolla,toimistoilla,toimistolta,toimistoilta,toimistolle,toimistoille,toimistona,toimistoina,toimistoksi,toimistoiksi,toimistotta,toimistoitta,2019-02-25 16:18:22.734113,2019-02-27 01:54:22.737289,1 days 09:36:00,True,1,0
tomaatti,tomato,tomaatit,tomaattia,tomaatteja,tomaatin,tomaattien,tomaattiin,tomaatteihin,tomaatissa,tomaateissa,tomaatista,tomaateista,tomaatilla,tomaateilla,tomaatilta,tomaateilta,tomaatille,tomaateille,tomaattina,tomaatteina,tomaatiksi,tomaateiksi,tomaatitta,tomaateitta,2019-02-25 13:22:40.274947,2019-02-27 12:25:04.277212,1 days 23:02:24,True,2,0
torstai,thursday,torstait,torstaita,torstaita,torstain,torstaiden,torstaihin,torstaihin,torstaissa,torstaissa,torstaista,torstaista,torstailla,torstailla,torstailta,torstailta,torstaille,torstaille,torstaina,torstaina,torstaiksi,torstaiksi,torstaitta,torstaitta,2019-02-24 15:57:40.702955,2019-02-26 01:33:40.706051,1 days 09:36:00,True,1,0
tyttö,girl,tytöt,tyttöä,tyttöjä,tytön,tyttöjen,tyttöön,tyttöihin,tytössä,tytöissä,tytöstä,tytöistä,tytöllä,tytöillä,tytöltä,tytöiltä,tytölle,tytöille,tyttönä,tyttöinä,tytöksi,tytöiksi,tytöttä,tytöittä,2019-02-25 13:19:47.909243,2019-02-27 12:22:11.912395,1 days 23:02:24,True,2,0
tyttöystävä,girlfriend,tyttöystävät,tyttöystävää,tyttöystäviä,tyttöystävän,tyttöystävien,tyttöystävään,tyttöystäviin,tyttöystävässä,tyttöystävissä,tyttöystävästä,tyttöystävistä,tyttöystävällä,tyttöystävillä,tyttöystävältä,tyttöystäviltä,tyttöystävälle,tyttöystäville,tyttöystävänä,tyttöystävinä,tyttöystäväksi,tyttöystäviksi,tyttöystävättä,tyttöystävittä,2019-02-25 16:17:41.633498,2019-02-27 01:53:41.636780,1 days 09:36:00,True,1,0
tärkeä,important,tärkeät,tärkeää,tärkeitä,tärkeän,tärkeiden,tärkeään,tärkeisiin,tärkeässä,tärkeissä,tärkeästä,tärkeistä,tärkeällä,tärkeillä,tärkeältä,tärkeiltä,tärkeälle,tärkeille,tärkeänä,tärkeinä,tärkeäksi,tärkeiksi,tärkeättä,tärkeittä,2019-02-24 08:56:57.470774,2019-02-26 07:59:21.473147,1 days 23:02:24,True,2,0
täydellinen,perfect,täydelliset,täydellistä,täydellisiä,täydellisen,täydellisten,täydelliseen,täydellisiin,täydellisessä,täydellisissä,täydellisestä,täydellisistä,täydellisellä,täydellisillä,täydelliseltä,täydellisiltä,täydelliselle,täydellisille,täydellisenä,täydellisinä,täydelliseksi,täydellisiksi,täydellisettä,täydellisittä,2019-02-23 11:02:56.570229,2019-02-26 09:36:32.573289,2 days 22:33:35.999999,True,3,0
usko,belief,uskot,uskoa,uskoja,uskon,uskojen,uskoon,uskoihin,uskossa,uskoissa,uskosta,uskoista,uskolla,uskoilla,uskolta,uskoilta,uskolle,uskoille,uskona,uskoina,uskoksi,uskoiksi,uskotta,uskoitta,2019-02-24 08:48:45.284087,2019-02-25 18:24:45.287072,1 days 09:36:00,True,1,0
uskonto,religion,uskonnot,uskontoa,uskontoja,uskonnon,uskontojen,uskontoon,uskontoihin,uskonnossa,uskonnoissa,uskonnosta,uskonnoista,uskonnolla,uskonnoilla,uskonnolta,uskonnoilta,uskonnolle,uskonnoille,uskontona,uskontoina,uskonnoksi,uskonnoiksi,uskonnotta,uskonnoitta,2019-02-24 08:46:25.519506,2019-02-25 18:22:25.523040,1 days 09:36:00,True,1,0
vaatetus,clothing,vaatetukset,vaatetusta,vaatetuksia,vaatetuksen,vaatetusten,vaatetukseen,vaatetuksiin,vaatetuksessa,vaatetuksissa,vaatetuksesta,vaatetuksista,vaatetuksella,vaatetuksilla,vaatetukselta,vaatetuksilta,vaatetukselle,vaatetuksille,vaatetuksena,vaatetuksina,vaatetukseksi,vaatetuksiksi,vaatetuksetta,vaatetuksitta,2019-02-25 13:22:45.786675,2019-02-28 07:14:07.388782,2 days 17:51:21.600000,True,3,0
vaikea,difficult,vaikeat,vaikeaa,vaikeita,vaikean,vaikeiden,vaikeaan,vaikeisiin,vaikeassa,vaikeissa,vaikeasta,vaikeista,vaikealla,vaikeilla,vaikealta,vaikeilta,vaikealle,vaikeille,vaikeana,vaikeina,vaikeaksi,vaikeiksi,vaikeatta,vaikeitta,2019-02-24 08:52:39.481586,2019-02-26 07:55:03.483991,1 days 23:02:24,True,2,0
vaimo,wife,vaimot,vaimoa,vaimoja,vaimon,vaimojen,vaimoon,vaimoihin,vaimossa,vaimoissa,vaimosta,vaimoista,vaimolla,vaimoilla,vaimolta,vaimoilta,vaimolle,vaimoille,vaimona,vaimoina,vaimoksi,vaimoiksi,vaimotta,vaimoitta,2019-02-23 10:56:38.948850,2019-02-26 09:30:14.956658,2 days 22:33:35.999999,True,3,0
varaus,reservation,varaukset,varausta,varauksia,varauksen,varausten,varaukseen,varauksiin,varauksessa,varauksissa,varauksesta,varauksista,varauksella,varauksilla,varaukselta,varauksilta,varaukselle,varauksille,varauksena,varauksina,varaukseksi,varauksiksi,varauksetta,varauksitta,2019-02-25 16:17:56.086190,2019-02-26 16:17:56.087656,1 days 00:00:00,True,2,1
veli,brother,veljet,veljeä,veljiä,veljen,veljien,veljeen,veljiin,veljessä,veljissä,veljestä,veljistä,veljellä,veljillä,veljeltä,veljiltä,veljelle,veljille,veljenä,veljinä,veljeksi,veljiksi,veljettä,veljittä,2019-02-23 11:15:07.787008,2019-02-26 09:48:43.789454,2 days 22:33:35.999999,True,3,0
vesi,water,vedet,vettä,vesiä,veden,vesien,veteen,vesiin,vedessä,vesissä,vedestä,vesistä,vedellä,vesillä,vedeltä,vesiltä,vedelle,vesille,vetenä,vesinä,vedeksi,vesiksi,vedettä,vesittä,2019-02-25 13:21:48.755563,2019-02-27 12:24:12.757889,1 days 23:02:24,True,2,0
vessa,"toilet, lavatory",vessat,vessaa,vessoja,vessan,vessojen,vessaan,vessoihin,vessassa,vessoissa,vessasta,vessoista,vessalla,vessoilla,vessalta,vessoilta,vessalle,vessoille,vessana,vessoina,vessaksi,vessoiksi,vessatta,vessoitta,2019-02-25 13:21:50.734735,2019-02-27 12:24:14.736923,1 days 23:02:24,True,2,0
vetinen,sloppy,vetiset,vetistä,vetisiä,vetisen,vetisten,vetiseen,vetisiin,vetisessä,vetisissä,vetisestä,vetisistä,vetisellä,vetisillä,vetiseltä,vetisiltä,vetiselle,vetisille,vetisenä,vetisinä,vetiseksi,vetisiksi,vetisettä,vetisittä,2019-02-25 13:16:28.030256,2019-02-26 22:52:28.033659,1 days 09:36:00,True,2,2
vihreä,green,vihreät,vihreää,vihreitä,vihreän,vihreiden,vihreään,vihreisiin,vihreässä,vihreissä,vihreästä,vihreistä,vihreällä,vihreillä,vihreältä,vihreiltä,vihreälle,vihreille,vihreänä,vihreinä,vihreäksi,vihreiksi,vihreättä,vihreittä,2019-02-25 13:21:46.482533,2019-02-28 07:13:08.084786,2 days 17:51:21.600000,True,3,0
viikko,week,viikot,viikkoa,viikkoja,viikon,viikkojen,viikkoon,viikkoihin,viikossa,viikoissa,viikosta,viikoista,viikolla,viikoilla,viikolta,viikoilta,viikolle,viikoille,viikkona,viikkoina,viikoksi,viikoiksi,viikotta,viikoitta,2019-02-24 08:53:51.832911,2019-02-25 18:29:51.835064,1 days 09:36:00,True,1,0
viikonloppu,weekend,viikonloput,viikonloppua,viikonloppuja,viikonlopun,viikonloppujen,viikonloppuun,viikonloppuihin,viikonlopussa,viikonlopuissa,viikonlopusta,viikonlopuista,viikonlopulla,viikonlopuilla,viikonlopulta,viikonlopuilta,viikonlopulle,viikonlopuille,viikonloppuna,viikonloppuina,viikonlopuksi,viikonlopuiksi,viikonloputta,viikonlopuitta,2019-02-24 15:57:53.223246,2019-02-26 01:33:53.226307,1 days 09:36:00,True,1,0
viini,wine,viinit,viiniä,viinejä,viinin,viinien,viiniin,viineihin,viinissä,viineissä,viinistä,viineistä,viinillä,viineillä,viiniltä,viineiltä,viinille,viineille,viininä,viineinä,viiniksi,viineiksi,viinittä,viineittä,2019-02-25 16:19:05.715186,2019-02-27 01:55:05.718228,1 days 09:36:00,True,1,0
vittu,cunt,vitut,vittua,vittuja,vitun,vittujen,vittuun,vittuihin,vitussa,vituissa,vitusta,vituista,vitulla,vituilla,vitulta,vituilta,vitulle,vituille,vittuna,vittuina,vituksi,vituiksi,vitutta,vituitta,2019-02-24 08:49:52.359999,2019-02-25 18:25:52.363114,1 days 09:36:00,True,1,0
voileipä,sandwich,voileivät,voileipää,voileipiä,voileivän,voileipien,voileipään,voileipiin,voileivässä,voileivissä,voileivästä,voileivistä,voileivällä,voileivillä,voileivältä,voileiviltä,voileivälle,voileiville,voileipänä,voileipinä,voileiväksi,voileiviksi,voileivättä,voileivittä,2019-02-25 13:18:50.744645,2019-02-27 12:21:14.748590,1 days 23:02:24,True,2,0
väsynyt,tired,väsyneet,väsynyttä,väsyneitä,väsyneen,väsyneiden,väsyneeseen,väsyneisiin,väsyneessä,väsyneissä,väsyneestä,väsyneistä,väsyneellä,väsyneillä,väsyneeltä,väsyneiltä,väsyneelle,väsyneille,väsyneenä,väsyneinä,väsyneeksi,väsyneiksi,väsyneettä,väsyneittä,2019-02-24 15:58:42.842252,2019-02-26 01:34:42.844652,1 days 09:36:00,True,1,0
yliopisto,university,yliopistot,yliopistoa,yliopistoja,yliopiston,yliopistojen,yliopistoon,yliopistoihin,yliopistossa,yliopistoissa,yliopistosta,yliopistoista,yliopistolla,yliopistoilla,yliopistolta,yliopistoilta,yliopistolle,yliopistoille,yliopistona,yliopistoina,yliopistoksi,yliopistoiksi,yliopistotta,yliopistoitta,2019-02-24 08:56:36.468878,2019-02-26 07:59:00.471008,1 days 23:02:24,True,2,0
ystävä,friend,ystävät,ystävää,ystäviä,ystävän,ystävien,ystävään,ystäviin,ystävässä,ystävissä,ystävästä,ystävistä,ystävällä,ystävillä,ystävältä,ystäviltä,ystävälle,ystäville,ystävänä,ystävinä,ystäväksi,ystäviksi,ystävättä,ystävittä,2019-02-25 16:15:25.885670,2019-02-27 01:51:25.888536,1 days 09:36:00,True,1,0
äiti,mother,äidit,äitiä,äitejä,äidin,äitien,äitiin,äiteihin,äidissä,äideissä,äidistä,äideistä,äidillä,äideillä,äidiltä,äideiltä,äidille,äideille,äitinä,äiteinä,äidiksi,äideiksi,äidittä,äideittä,2019-02-23 10:56:57.093336,2019-02-26 09:30:33.096519,2 days 22:33:35.999999,True,3,0
älykäs,intelligent,älykkäät,älykästä,älykkäitä,älykkään,älykkäiden,älykkääseen,älykkäisiin,älykkäässä,älykkäissä,älykkäästä,älykkäistä,älykkäällä,älykkäillä,älykkäältä,älykkäiltä,älykkäälle,älykkäille,älykkäänä,älykkäinä,älykkääksi,älykkäiksi,älykkäättä,älykkäittä,2019-02-23 11:07:19.083449,2019-02-26 09:40:55.086550,2 days 22:33:35.999999,True,3,0
